x_fit,y_fit
9,-1267.14682488781
8.994994994995,-1267.14682488775
8.98998998998999,-1267.14682488768
8.98498498498499,-1267.14682488761
8.97997997997998,-1267.14682488753
8.97497497497498,-1267.14682488745
8.96996996996997,-1267.14682488737
8.96496496496497,-1267.14682488728
8.95995995995996,-1267.14682488719
8.95495495495496,-1267.14682488709
8.94994994994995,-1267.14682488699
8.94494494494495,-1267.14682488688
8.93993993993994,-1267.14682488677
8.93493493493494,-1267.14682488665
8.92992992992993,-1267.14682488652
8.92492492492493,-1267.14682488639
8.91991991991992,-1267.14682488625
8.91491491491492,-1267.1468248861
8.90990990990991,-1267.14682488594
8.90490490490491,-1267.14682488578
8.8998998998999,-1267.14682488561
8.8948948948949,-1267.14682488542
8.88988988988989,-1267.14682488523
8.88488488488489,-1267.14682488503
8.87987987987988,-1267.14682488481
8.87487487487488,-1267.14682488459
8.86986986986987,-1267.14682488435
8.86486486486487,-1267.1468248841
8.85985985985986,-1267.14682488384
8.85485485485486,-1267.14682488356
8.84984984984985,-1267.14682488327
8.84484484484485,-1267.14682488296
8.83983983983984,-1267.14682488263
8.83483483483484,-1267.14682488229
8.82982982982983,-1267.14682488193
8.82482482482483,-1267.14682488155
8.81981981981982,-1267.14682488115
8.81481481481482,-1267.14682488072
8.80980980980981,-1267.14682488028
8.80480480480481,-1267.14682487981
8.7997997997998,-1267.14682487931
8.7947947947948,-1267.14682487879
8.78978978978979,-1267.14682487824
8.78478478478479,-1267.14682487766
8.77977977977978,-1267.14682487705
8.77477477477478,-1267.14682487641
8.76976976976977,-1267.14682487573
8.76476476476477,-1267.14682487502
8.75975975975976,-1267.14682487426
8.75475475475476,-1267.14682487347
8.74974974974975,-1267.14682487263
8.74474474474475,-1267.14682487175
8.73973973973974,-1267.14682487082
8.73473473473474,-1267.14682486984
8.72972972972973,-1267.14682486881
8.72472472472473,-1267.14682486773
8.71971971971972,-1267.14682486658
8.71471471471472,-1267.14682486537
8.70970970970971,-1267.1468248641
8.70470470470471,-1267.14682486276
8.6996996996997,-1267.14682486135
8.6946946946947,-1267.14682485986
8.68968968968969,-1267.14682485829
8.68468468468469,-1267.14682485664
8.67967967967968,-1267.14682485489
8.67467467467468,-1267.14682485306
8.66966966966967,-1267.14682485112
8.66466466466467,-1267.14682484908
8.65965965965966,-1267.14682484693
8.65465465465466,-1267.14682484467
8.64964964964965,-1267.14682484228
8.64464464464465,-1267.14682483976
8.63963963963964,-1267.14682483711
8.63463463463464,-1267.14682483432
8.62962962962963,-1267.14682483137
8.62462462462463,-1267.14682482827
8.61961961961962,-1267.146824825
8.61461461461462,-1267.14682482155
8.60960960960961,-1267.14682481792
8.60460460460461,-1267.14682481409
8.5995995995996,-1267.14682481006
8.5945945945946,-1267.14682480581
8.58958958958959,-1267.14682480133
8.58458458458459,-1267.14682479661
8.57957957957958,-1267.14682479163
8.57457457457458,-1267.14682478639
8.56956956956957,-1267.14682478086
8.56456456456457,-1267.14682477504
8.55955955955956,-1267.1468247689
8.55455455455456,-1267.14682476244
8.54954954954955,-1267.14682475562
8.54454454454455,-1267.14682474844
8.53953953953954,-1267.14682474087
8.53453453453454,-1267.14682473289
8.52952952952953,-1267.14682472449
8.52452452452453,-1267.14682471563
8.51951951951952,-1267.14682470629
8.51451451451452,-1267.14682469645
8.50950950950951,-1267.14682468608
8.50450450450451,-1267.14682467515
8.4994994994995,-1267.14682466364
8.4944944944945,-1267.1468246515
8.48948948948949,-1267.14682463871
8.48448448448449,-1267.14682462524
8.47947947947948,-1267.14682461103
8.47447447447448,-1267.14682459606
8.46946946946947,-1267.14682458029
8.46446446446447,-1267.14682456366
8.45945945945946,-1267.14682454614
8.45445445445446,-1267.14682452768
8.44944944944945,-1267.14682450822
8.44444444444445,-1267.14682448772
8.43943943943944,-1267.14682446611
8.43443443443444,-1267.14682444334
8.42942942942943,-1267.14682441934
8.42442442442443,-1267.14682439404
8.41941941941942,-1267.14682436739
8.41441441441442,-1267.1468243393
8.40940940940941,-1267.1468243097
8.40440440440441,-1267.1468242785
8.3993993993994,-1267.14682424563
8.3943943943944,-1267.14682421098
8.38938938938939,-1267.14682417447
8.38438438438439,-1267.14682413599
8.37937937937938,-1267.14682409544
8.37437437437438,-1267.1468240527
8.36936936936937,-1267.14682400767
8.36436436436437,-1267.14682396021
8.35935935935936,-1267.14682391019
8.35435435435436,-1267.14682385748
8.34934934934935,-1267.14682380193
8.34434434434435,-1267.14682374339
8.33933933933934,-1267.1468236817
8.33433433433434,-1267.14682361669
8.32932932932933,-1267.14682354817
8.32432432432433,-1267.14682347596
8.31931931931932,-1267.14682339987
8.31431431431432,-1267.14682331968
8.30930930930931,-1267.14682323517
8.30430430430431,-1267.14682314611
8.2992992992993,-1267.14682305225
8.2942942942943,-1267.14682295334
8.28928928928929,-1267.1468228491
8.28428428428429,-1267.14682273925
8.27927927927928,-1267.14682262348
8.27427427427428,-1267.14682250148
8.26926926926927,-1267.14682237291
8.26426426426427,-1267.14682223741
8.25925925925926,-1267.14682209462
8.25425425425426,-1267.14682194414
8.24924924924925,-1267.14682178556
8.24424424424425,-1267.14682161843
8.23923923923924,-1267.14682144231
8.23423423423424,-1267.1468212567
8.22922922922923,-1267.14682106109
8.22422422422422,-1267.14682085496
8.21921921921922,-1267.14682063772
8.21421421421421,-1267.14682040878
8.20920920920921,-1267.14682016751
8.2042042042042,-1267.14681991325
8.1991991991992,-1267.1468196453
8.19419419419419,-1267.14681936292
8.18918918918919,-1267.14681906534
8.18418418418418,-1267.14681875172
8.17917917917918,-1267.14681842122
8.17417417417417,-1267.14681807292
8.16916916916917,-1267.14681770587
8.16416416416416,-1267.14681731905
8.15915915915916,-1267.14681691139
8.15415415415415,-1267.14681648179
8.14914914914915,-1267.14681602905
8.14414414414414,-1267.14681555193
8.13913913913914,-1267.14681504911
8.13413413413413,-1267.14681451922
8.12912912912913,-1267.14681396079
8.12412412412412,-1267.1468133723
8.11911911911912,-1267.1468127521
8.11411411411411,-1267.14681209852
8.10910910910911,-1267.14681140973
8.1041041041041,-1267.14681068385
8.0990990990991,-1267.14680991889
8.09409409409409,-1267.14680911272
8.08908908908909,-1267.14680826315
8.08408408408408,-1267.14680736782
8.07907907907908,-1267.14680642428
8.07407407407407,-1267.14680542993
8.06906906906907,-1267.14680438203
8.06406406406406,-1267.1468032777
8.05905905905906,-1267.1468021139
8.05405405405405,-1267.14680088743
8.04904904904905,-1267.14679959491
8.04404404404404,-1267.14679823279
8.03903903903904,-1267.14679679732
8.03403403403403,-1267.14679528454
8.02902902902903,-1267.1467936903
8.02402402402402,-1267.1467920102
8.01901901901902,-1267.14679023963
8.01401401401401,-1267.14678837372
8.00900900900901,-1267.14678640732
8.004004004004,-1267.14678433502
7.998998998999,-1267.14678215113
7.99399399399399,-1267.14677984964
7.98898898898899,-1267.14677742421
7.98398398398398,-1267.14677486816
7.97897897897898,-1267.14677217447
7.97397397397397,-1267.14676933571
7.96896896896897,-1267.14676634409
7.96396396396396,-1267.14676319136
7.95895895895896,-1267.14675986886
7.95395395395395,-1267.14675636743
7.94894894894895,-1267.14675267745
7.94394394394394,-1267.14674878875
7.93893893893894,-1267.14674469064
7.93393393393393,-1267.14674037185
7.92892892892893,-1267.14673582048
7.92392392392392,-1267.14673102401
7.91891891891892,-1267.14672596925
7.91391391391391,-1267.14672064228
7.90890890890891,-1267.14671502845
7.9039039039039,-1267.1467091123
7.8988988988989,-1267.14670287756
7.89389389389389,-1267.14669630707
7.88888888888889,-1267.14668938275
7.88388388388388,-1267.14668208555
7.87887887887888,-1267.14667439538
7.87387387387387,-1267.14666629108
7.86886886886887,-1267.14665775036
7.86386386386386,-1267.1466487497
7.85885885885886,-1267.14663926435
7.85385385385385,-1267.1466292682
7.84884884884885,-1267.14661873374
7.84384384384384,-1267.14660763199
7.83883883883884,-1267.14659593239
7.83383383383383,-1267.14658360275
7.82882882882883,-1267.14657060914
7.82382382382382,-1267.14655691581
7.81881881881882,-1267.14654248507
7.81381381381381,-1267.14652727722
7.80880880880881,-1267.1465112504
7.8038038038038,-1267.14649436051
7.7987987987988,-1267.14647656109
7.79379379379379,-1267.14645780313
7.78878878878879,-1267.14643803503
7.78378378378378,-1267.1464172024
7.77877877877878,-1267.14639524789
7.77377377377377,-1267.14637211111
7.76876876876877,-1267.14634772837
7.76376376376376,-1267.1463220326
7.75875875875876,-1267.14629495306
7.75375375375375,-1267.14626641526
7.74874874874875,-1267.14623634065
7.74374374374374,-1267.14620464648
7.73873873873874,-1267.14617124554
7.73373373373373,-1267.14613604591
7.72872872872873,-1267.14609895073
7.72372372372372,-1267.14605985792
7.71871871871872,-1267.14601865991
7.71371371371371,-1267.14597524332
7.70870870870871,-1267.14592948869
7.7037037037037,-1267.14588127011
7.6986986986987,-1267.14583045489
7.69369369369369,-1267.1457769032
7.68868868868869,-1267.14572046767
7.68368368368368,-1267.14566099301
7.67867867867868,-1267.14559831556
7.67367367367367,-1267.14553226283
7.66866866866867,-1267.14546265307
7.66366366366366,-1267.14538929473
7.65865865865866,-1267.14531198593
7.65365365365365,-1267.14523051395
7.64864864864865,-1267.14514465459
7.64364364364364,-1267.14505417157
7.63863863863864,-1267.14495881592
7.63363363363363,-1267.14485832523
7.62862862862863,-1267.14475242297
7.62362362362362,-1267.14464081772
7.61861861861862,-1267.14452320238
7.61361361361361,-1267.14439925328
7.60860860860861,-1267.14426862934
7.6036036036036,-1267.14413097112
7.5985985985986,-1267.14398589981
7.59359359359359,-1267.14383301621
7.58858858858859,-1267.1436718996
7.58358358358358,-1267.14350210663
7.57857857857858,-1267.14332317008
7.57357357357357,-1267.14313459753
7.56856856856857,-1267.14293587009
7.56356356356356,-1267.14272644089
7.55855855855856,-1267.14250573363
7.55355355355355,-1267.14227314097
7.54854854854855,-1267.14202802287
7.54354354354354,-1267.14176970481
7.53853853853854,-1267.14149747595
7.53353353353353,-1267.14121058718
7.52852852852853,-1267.14090824905
7.52352352352352,-1267.14058962958
7.51851851851852,-1267.140253852
7.51351351351351,-1267.13989999232
7.50850850850851,-1267.1395270768
7.5035035035035,-1267.13913407924
7.4984984984985,-1267.13871991821
7.49349349349349,-1267.13828345403
7.48848848848849,-1267.13782348562
7.48348348348348,-1267.13733874727
7.47847847847848,-1267.13682790508
7.47347347347347,-1267.1362895533
7.46846846846847,-1267.13572221053
7.46346346346346,-1267.13512431554
7.45845845845846,-1267.13449422306
7.45345345345345,-1267.13383019921
7.44844844844845,-1267.13313041674
7.44344344344344,-1267.13239295
7.43843843843844,-1267.13161576963
7.43343343343343,-1267.13079673701
7.42842842842843,-1267.12993359832
7.42342342342342,-1267.12902397841
7.41841841841842,-1267.12806537417
7.41341341341341,-1267.12705514775
7.40840840840841,-1267.12599051922
7.4034034034034,-1267.12486855895
7.3983983983984,-1267.12368617954
7.39339339339339,-1267.12244012735
7.38838838838839,-1267.1211269735
7.38338338338338,-1267.11974310447
7.37837837837838,-1267.11828471216
7.37337337337337,-1267.11674778339
7.36836836836837,-1267.11512808886
7.36336336336336,-1267.11342117152
7.35835835835836,-1267.11162233431
7.35335335335335,-1267.10972662721
7.34834834834835,-1267.10772883365
7.34334334334334,-1267.10562345613
7.33833833833834,-1267.10340470112
7.33333333333333,-1267.10106646308
7.32832832832833,-1267.0986023077
7.32332332332332,-1267.09600545415
7.31831831831832,-1267.09326875647
7.31331331331331,-1267.09038468386
7.30830830830831,-1267.08734529998
7.3033033033033,-1267.08414224113
7.2982982982983,-1267.08076669319
7.29329329329329,-1267.07720936739
7.28828828828829,-1267.07346047477
7.28328328328328,-1267.0695096992
7.27827827827828,-1267.06534616903
7.27327327327327,-1267.06095842716
7.26826826826827,-1267.05633439949
7.26326326326326,-1267.05146136174
7.25825825825826,-1267.04632590442
7.25325325325325,-1267.04091389589
7.24824824824825,-1267.03521044354
7.24324324324324,-1267.02919985276
7.23823823823824,-1267.02286558377
7.23323323323323,-1267.01619020613
7.22822822822823,-1267.00915535072
7.22322322322322,-1267.00174165925
7.21821821821822,-1266.99392873095
7.21321321321321,-1266.98569506648
7.20820820820821,-1266.9770180087
7.2032032032032,-1266.9678736804
7.1981981981982,-1266.95823691855
7.19319319319319,-1266.94808120508
7.18818818818819,-1266.93737859388
7.18318318318318,-1266.92609963396
7.17817817817818,-1266.91421328835
7.17317317317317,-1266.90168684872
7.16816816816817,-1266.88848584538
7.16316316316316,-1266.87457395246
7.15815815815816,-1266.85991288788
7.15315315315315,-1266.84446230808
7.14814814814815,-1266.82817969698
7.14314314314314,-1266.81102024902
7.13813813813814,-1266.7929367458
7.13313313313313,-1266.77387942626
7.12812812812813,-1266.75379584966
7.12312312312312,-1266.73263075135
7.11811811811812,-1266.71032589066
7.11311311311311,-1266.6868198907
7.10810810810811,-1266.66204806942
7.1031031031031,-1266.63594226167
7.0980980980981,-1266.60843063165
7.09309309309309,-1266.57943747523
7.08808808808809,-1266.54888301164
7.08308308308308,-1266.51668316401
7.07807807807808,-1266.48274932797
7.07307307307307,-1266.4469881279
7.06806806806807,-1266.40930116003
7.06306306306306,-1266.36958472162
7.05805805805806,-1266.32772952573
7.05305305305305,-1266.28362040045
7.04804804804805,-1266.23713597207
7.04304304304304,-1266.18814833114
7.03803803803804,-1266.13652268052
7.03303303303303,-1266.08211696456
7.02802802802803,-1266.02478147827
7.02302302302302,-1265.9643584554
7.01801801801802,-1265.90068163448
7.01301301301301,-1265.83357580133
7.00800800800801,-1265.76285630709
7.003003003003,-1265.6883285602
6.997997997998,-1265.60978749112
6.99299299299299,-1265.52701698811
6.98798798798799,-1265.43978930282
6.98298298298298,-1265.34786442368
6.97797797797798,-1265.25098941575
6.97297297297297,-1265.14889772489
6.96796796796797,-1265.04130844455
6.96296296296296,-1264.92792554312
6.95795795795796,-1264.80843704961
6.95295295295295,-1264.68251419558
6.94794794794795,-1264.54981051088
6.94294294294294,-1264.40996087067
6.93793793793794,-1264.26258049121
6.93293293293293,-1264.10726387163
6.92792792792793,-1263.9435836787
6.92292292292292,-1263.7710895716
6.91791791791792,-1263.58930696349
6.91291291291291,-1263.39773571647
6.90790790790791,-1263.19584876623
6.9029029029029,-1262.9830906728
6.8978978978979,-1262.75887609332
6.89289289289289,-1262.52258817262
6.88788788788789,-1262.27357684731
6.88288288288288,-1262.01115705854
6.87787787787788,-1261.73460686876
6.87287287287287,-1261.44316547713
6.86786786786787,-1261.13603112824
6.86286286286286,-1260.81235890837
6.85785785785786,-1260.47125842326
6.85285285285285,-1260.11179135111
6.84784784784785,-1259.73296886389
6.84284284284284,-1259.33374891023
6.83783783783784,-1258.91303335212
6.83283283283283,-1258.46966494784
6.82782782782783,-1258.00242417274
6.82282282282282,-1257.51002586921
6.81781781781782,-1256.99111571671
6.81281281281281,-1256.44426651216
6.80780780780781,-1255.8679742506
6.8028028028028,-1255.2606539954
6.7977977977978,-1254.62063552672
6.79279279279279,-1253.94615875638
6.78778778778779,-1253.23536889667
6.78278278278278,-1252.48631136993
6.77777777777778,-1251.69692644494
6.77277277277277,-1250.86504358572
6.76776776776777,-1249.98837549718
6.76276276276276,-1249.06451185158
6.75775775775776,-1248.09091267866
6.75275275275275,-1247.06490140158
6.74774774774775,-1245.98365749975
6.74274274274274,-1244.84420877864
6.73773773773774,-1243.64342322575
6.73273273273273,-1242.37800043053
6.72772772772773,-1241.04446254528
6.72272272272272,-1239.63914476243
6.71771771771772,-1238.15818528269
6.71271271271271,-1236.59751474689
6.70770770770771,-1234.95284510317
6.7027027027027,-1233.21965787963
6.6976976976977,-1231.39319183081
6.69269269269269,-1229.46842992508
6.68768768768769,-1227.440085638
6.68268268268268,-1225.30258851501
6.67767767767768,-1223.05006896503
6.67267267267267,-1220.67634224431
6.66766766766767,-1218.17489158813
6.66266266266266,-1215.53885044544
6.65765765765766,-1212.76098376946
6.65265265265265,-1209.83366831476
6.64764764764765,-1206.74887188894
6.64264264264264,-1203.49813150414
6.63763763763764,-1200.07253037133
6.63263263263263,-1196.46267367692
6.62762762762763,-1192.65866307854
6.62262262262262,-1188.6500698537
6.61761761761762,-1184.4259066316
6.61261261261261,-1179.97459763494
6.60760760760761,-1175.28394735524
6.6026026026026,-1170.34110758104
6.5975975975976,-1165.1325426948
6.59259259259259,-1159.64399315016
6.58758758758759,-1153.86043703678
6.58258258258258,-1147.766049636
6.57757757757758,-1141.34416086557
6.57257257257257,-1134.57721050728
6.56756756756757,-1127.44670110618
6.56256256256256,-1119.93314842509
6.55755755755756,-1112.01602933283
6.55255255255255,-1103.67372699915
6.54754754754755,-1094.88347326357
6.54254254254254,-1085.62128803979
6.53753753753754,-1075.86191561121
6.53253253253253,-1065.57875766697
6.52752752752753,-1054.74380292162
6.52252252252252,-1043.32755315538
6.51751751751752,-1031.29894550492
6.51251251251251,-1018.6252708284
6.50750750750751,-1005.27208796157
6.5025025025025,-991.203133674717
6.4974974974975,-976.380228133842
6.49249249249249,-960.763175662109
6.48748748748749,-944.30966059107
6.48248248248248,-926.975137984251
6.47747747747748,-908.712719009074
6.47247247247247,-889.473050726569
6.46746746746747,-869.204190062116
6.46246246246246,-847.851471714473
6.45745745745746,-825.357369754822
6.45245245245245,-801.661352662475
6.44744744744745,-776.699731539411
6.44244244244244,-750.405501242028
6.43743743743744,-722.708174165557
6.43243243243243,-693.533606414622
6.42742742742743,-662.803816092615
6.42242242242242,-630.436793443091
6.41741741741742,-596.34630257841
6.41241241241241,-560.441674534697
6.40740740740741,-522.627591397989
6.4024024024024,-482.803861254557
6.3973973973974,-440.865183729083
6.39239239239239,-396.700905887993
6.38738738738739,-350.194768302161
6.38238238238238,-301.224641083797
6.37737737737738,-249.662249737116
6.37237237237237,-195.372890691671
6.36736736736737,-138.215136421826
6.36236236236236,-78.0405300959699
6.35735735735736,-14.6932697456714
6.35235235235235,51.9901180015611
6.34734734734735,122.181114520995
6.34234234234234,196.05955594628
6.33733733733734,273.813989828388
6.33233233233233,355.64204135518
6.32732732732733,441.750788688727
6.32232232232232,532.357146865179
6.31731731731732,627.688259576693
6.31231231231231,727.981898015345
6.30730730730731,833.486865804272
6.3023023023023,944.463408870046
6.2972972972973,1061.18362892162
6.29229229229229,1183.93189899371
6.28728728728729,1313.00527928514
6.28228228228228,1448.71393127427
6.27727727727728,1591.38152782336
6.27227227227227,1741.34565668978
6.26726726726727,1898.95821454466
6.26226226226226,2064.58578825717
6.25725725725726,2238.61001983476
6.25225225225225,2421.42795101645
6.24724724724725,2613.45234309737
6.24224224224224,2815.11196711831
6.23723723723724,3026.8518590854
6.23223223223223,3249.13353439311
6.22722722722723,3482.43515511066
6.22222222222222,3727.2516432604
6.21721721721722,3984.09473267002
6.21221221221221,4253.49295142323
6.20720720720721,4535.99152637149
6.2022022022022,4832.15220060859
6.1971971971972,5142.55295425912
6.19219219219219,5467.78761840011
6.18718718718719,5808.4653714336
6.18218218218218,6165.2101067695
6.17717717717718,6538.65966027684
6.17217217217217,6929.46488563453
6.16716716716717,7338.2885654776
6.16216216216216,7765.80414611221
6.15715715715716,8212.6942835843
6.15215215215215,8679.64918905642
6.14714714714715,9167.3647618008
6.14214214214214,9676.54049867943
6.13713713713714,10207.877169783
6.13213213213213,10762.0742509673
6.12712712712713,11339.8271053831
6.12212212212212,11941.8239077786
6.11711711711712,12568.742307372
6.11211211211211,13221.2458274883
6.10710710710711,13899.9800029238
6.1021021021021,14605.5682591781
6.0970970970971,15338.607541263
6.09209209209209,16099.6637037733
6.08708708708709,16889.2666782629
6.08208208208208,17707.9054386873
6.07707707707708,18556.022790721
6.07207207207207,19434.0100160692
6.06706706706707,20342.2014084145
6.06206206206206,21280.8687432728
6.05705705705706,22250.2157296881
6.05205205205205,23250.3724972495
6.04704704704705,24281.3901772305
6.04204204204204,25343.2356415877
6.03703703703704,26435.7864679509
6.03203203203203,27558.8262024153
6.02702702702703,28712.0399947509
6.02202202202202,29895.0106823821
6.01701701701702,31107.215400017
6.01201201201201,32348.0227909556
6.00700700700701,33616.6908937503
6.002002002002,34912.3657739334
5.996996996997,36234.0809648855
5.99199199199199,37580.7577745773
5.98698698698699,38951.2065058866
5.98198198198198,40344.1286275547
5.97697697697698,41758.119920713
5.97197197197197,43191.6746124795
5.96696696696697,44643.190493623
5.96196196196196,46110.975002002
5.95695695695696,47593.2522377572
5.95195195195195,49088.1708604076
5.94694694694695,50593.8128024887
5.94194194194194,52108.2027195621
5.93693693693694,53629.3180827235
5.93193193193193,55155.0998075272
5.92692692692693,56683.4633028677
5.92192192192192,58212.3098151337
5.91691691691692,59739.537937102
5.91191191191191,61263.0551477616
5.90690690690691,62780.7892486395
5.9019019019019,64290.6995642649
5.8968968968969,65790.7877790891
5.89189189189189,67279.1082903418
5.88688688688689,68753.7779657231
5.88188188188188,70212.9852062423
5.87687687687688,71654.9982275747
5.87187187187187,73078.1724876562
5.86686686686687,74480.9572034772
5.86186186186186,75861.9009157678
5.85685685685686,77219.6560760869
5.85185185185185,78552.9826463663
5.84684684684685,79860.7507158614
5.84184184184184,81141.9421544149
5.83683683683684,82395.6513336998
5.83183183183183,83621.0849594465
5.82682682682683,84817.5610674437
5.82182182182182,85984.507244226
5.81681681681682,87121.4581397806
5.81181181181181,88228.0523443318
5.80680680680681,89304.0287043452
5.8018018018018,90349.2221544178
5.7967967967968,91363.5591418108
5.79179179179179,92347.0527191802
5.78678678678679,93299.7973787237
5.78178178178178,94221.9636976679
5.77677677677678,95113.7928609259
5.77177177177177,95975.5911220538
5.76676676676677,96807.7242584699
5.76176176176176,97610.6120714385
5.75675675675676,98384.7229756954
5.75175175175175,99130.568717936
5.74674674674675,99848.6992578028
5.74174174174174,100539.69783959
5.73673673673674,101204.17627771
5.73173173173173,101842.770474089
5.72672672672673,102456.13618113
5.72172172172172,103044.945019742
5.71671671671672,103609.880758147
5.71171171171171,104151.635853855
5.70670670670671,104670.908258219
5.7017017017017,105168.398480415
5.6966966966967,105644.806905522
5.69169169169169,106100.831359525
5.68668668668669,106537.164912558
5.68168168168168,106954.493910529
5.67667667667668,107353.496224318
5.67167167167167,107734.839705106
5.66666666666667,108099.180833906
5.66166166166166,108447.163553157
5.65665665665666,108779.418268133
5.65165165165165,109096.561005983
5.64664664664665,109399.192720434
5.64164164164164,109687.898730435
5.63663663663664,109963.248281411
5.63163163163163,110225.794218245
5.62662662662663,110476.072759549
5.62162162162162,110714.603363344
5.61661661661662,110941.888674788
5.61161161161161,111158.414547163
5.60660660660661,111364.650127878
5.6016016016016,111561.048001824
5.5965965965966,111748.044384955
5.59159159159159,111926.059361516
5.58658658658659,112095.497158852
5.58158158158158,112256.746454247
5.57657657657658,112410.180708712
5.57157157157157,112556.158523094
5.56656656656657,112695.024012327
5.56156156156156,112827.107194015
5.55655655655656,112952.724387967
5.55155155155155,113072.178623609
5.54654654654655,113185.760052558
5.54154154154154,113293.746363933
5.53653653653654,113396.403200273
5.53153153153153,113493.984572163
5.52652652652653,113586.733269945
5.52152152152152,113674.881271076
5.51651651651652,113758.650141894
5.51151151151151,113838.25143276
5.50650650650651,113913.88706567
5.5015015015015,113985.749713608
5.4964964964965,114054.023171011
5.49149149149149,114118.882714874
5.48648648648649,114180.49545609
5.48148148148148,114239.020680746
5.47647647647648,114294.610181151
5.47147147147147,114347.408576475
5.46646646646647,114397.553622915
5.46146146146146,114445.176513385
5.45645645645646,114490.402166755
5.45145145145145,114533.349506732
5.44644644644645,114574.131730481
5.44144144144144,114612.856567151
5.43643643643644,114649.626526469
5.43143143143143,114684.539137599
5.42642642642643,114717.687178496
5.42142142142142,114749.158895957
5.41641641641642,114779.038216645
5.41141141141141,114807.404949311
5.40640640640641,114834.334978486
5.4014014014014,114859.900449905
5.3963963963964,114884.16994792
5.39139139139139,114907.208665188
5.38638638638639,114929.078564875
5.38138138138138,114949.838535672
5.37637637637638,114969.544539853
5.37137137137137,114988.249754668
5.36636636636637,115006.004707296
5.36136136136136,115022.857403633
5.35635635635636,115038.853451146
5.35135135135135,115054.036176038
5.34634634634635,115068.446734952
5.34134134134134,115082.124221454
5.33633633633634,115095.105767495
5.33133133133133,115107.426640091
5.32632632632633,115119.120333402
5.32132132132132,115130.218656427
5.31631631631632,115140.751816509
5.31131131131131,115150.748498821
5.30630630630631,115160.23594203
5.3013013013013,115169.240010301
5.2962962962963,115177.785261808
5.29129129129129,115185.895013923
5.28628628628629,115193.591405217
5.28128128128128,115200.895454439
5.27627627627628,115207.827116601
5.27127127127127,115214.405336311
5.26626626626627,115220.648098486
5.26126126126126,115226.572476555
5.25625625625626,115232.194678294
5.25125125125125,115237.530089382
5.24624624624625,115242.593314804
5.24124124124124,115247.398218199
5.23623623623624,115251.957959247
5.23123123123123,115256.285029196
5.22622622622623,115260.391284624
5.22122122122122,115264.287979505
5.21621621621622,115267.98579568
5.21121121121121,115271.4948718
5.20620620620621,115274.82483082
5.2012012012012,115277.984806112
5.1961961961962,115280.983466273
5.19119119119119,115283.829038677
5.18618618618619,115286.529331853
5.18118118118118,115289.091756728
5.17617617617618,115291.523346808
5.17117117117117,115293.830777333
5.16616616616617,115296.020383474
5.16116116116116,115298.098177605
5.15615615615616,115300.069865707
5.15115115115115,115301.940862943
5.14614614614615,115303.716308439
5.14114114114114,115305.401079325
5.13613613613614,115306.999804062
5.13113113113113,115308.516875096
5.12612612612613,115309.956460863
5.12112112112112,115311.322517197
5.11611611611612,115312.618798154
5.11111111111111,115313.848866281
5.10610610610611,115315.016102377
5.1011011011011,115316.123714746
5.0960960960961,115317.174747986
5.09109109109109,115318.172091334
5.08608608608609,115319.118486578
5.08108108108108,115320.016535577
5.07607607607608,115320.868707392
5.07107107107107,115321.677345057
5.06606606606607,115322.444672003
5.06106106106106,115323.172798161
5.05605605605606,115323.863725747
5.05105105105105,115324.519354757
5.04604604604605,115325.141488181
5.04104104104104,115325.731836953
5.03603603603604,115326.292024646
5.03103103103103,115326.823591928
5.02602602602603,115327.328000798
5.02102102102102,115327.806638594
5.01601601601602,115328.260821807
5.01101101101101,115328.691799694
5.00600600600601,115329.100757714
5.001001001001,115329.488820781
4.995995995996,115329.857056356
4.99099099099099,115330.206477377
4.98598598598599,115330.538045047
4.98098098098098,115330.852671474
4.97597597597598,115331.151222175
4.97097097097097,115331.434518458
4.96596596596597,115331.703339677
4.96096096096096,115331.958425375
4.95595595595596,115332.200477319
4.95095095095095,115332.430161426
4.94594594594595,115332.648109596
4.94094094094094,115332.854921447
4.93593593593594,115333.051165966
4.93093093093093,115333.237383072
4.92592592592593,115333.414085102
4.92092092092092,115333.581758218
4.91591591591592,115333.740863744
4.91091091091091,115333.891839438
4.90590590590591,115334.03510069
4.9009009009009,115334.171041669
4.8958958958959,115334.300036408
4.89089089089089,115334.422439826
4.88588588588589,115334.538588711
4.88088088088088,115334.648802645
4.87587587587588,115334.753384879
4.87087087087087,115334.852623173
4.86586586586587,115334.946790582
4.86086086086086,115335.036146212
4.85585585585586,115335.120935928
4.85085085085085,115335.201393034
4.84584584584585,115335.277738915
4.84084084084084,115335.350183641
4.83583583583584,115335.418926551
4.83083083083083,115335.484156798
4.82582582582583,115335.546053872
4.82082082082082,115335.604788087
4.81581581581582,115335.660521061
4.81081081081081,115335.713406149
4.80580580580581,115335.763588873
4.8008008008008,115335.811207318
4.7957957957958,115335.856392513
4.79079079079079,115335.899268794
4.78578578578579,115335.939954142
4.78078078078078,115335.978560509
4.77577577577578,115336.015194129
4.77077077077077,115336.049955805
4.76576576576577,115336.082941192
4.76076076076076,115336.114241055
4.75575575575576,115336.143941521
4.75075075075075,115336.172124319
4.74574574574575,115336.198866998
4.74074074074074,115336.224243148
4.73573573573574,115336.248322596
4.73073073073073,115336.271171602
4.72572572572573,115336.29285304
4.72072072072072,115336.313426572
4.71571571571572,115336.332948811
4.71071071071071,115336.351473477
4.70570570570571,115336.369051544
4.7007007007007,115336.385731384
4.6956956956957,115336.401558894
4.69069069069069,115336.416577628
4.68568568568569,115336.430828914
4.68068068068068,115336.444351967
4.67567567567568,115336.457184001
4.67067067067067,115336.469360325
4.66566566566567,115336.480914445
4.66066066066066,115336.491878156
4.65565565565566,115336.502281627
4.65065065065065,115336.512153487
4.64564564564565,115336.5215209
4.64064064064064,115336.530409642
4.63563563563564,115336.538844175
4.63063063063063,115336.546847707
4.62562562562563,115336.554442262
4.62062062062062,115336.561648739
4.61561561561562,115336.568486969
4.61061061061061,115336.574975769
4.60560560560561,115336.581132993
4.6006006006006,115336.586975587
4.5955955955956,115336.592519627
4.59059059059059,115336.597780368
4.58558558558559,115336.602772289
4.58058058058058,115336.607509124
4.57557557557558,115336.612003909
4.57057057057057,115336.616269012
4.56556556556557,115336.620316171
4.56056056056056,115336.624156521
4.55555555555556,115336.627800632
4.55055055055055,115336.631258529
4.54554554554555,115336.63453973
4.54054054054054,115336.637653263
4.53553553553554,115336.640607695
4.53053053053053,115336.643411157
4.52552552552553,115336.646071363
4.52052052052052,115336.648595634
4.51551551551552,115336.650990916
4.51051051051051,115336.6532638
4.50550550550551,115336.65542054
4.5005005005005,115336.657467072
4.4954954954955,115336.659409026
4.49049049049049,115336.661251748
4.48548548548549,115336.663000307
4.48048048048048,115336.664659516
4.47547547547548,115336.666233939
4.47047047047047,115336.667727911
4.46546546546547,115336.66914554
4.46046046046046,115336.67049073
4.45545545545546,115336.671767181
4.45045045045045,115336.672978406
4.44544544544545,115336.674127737
4.44044044044044,115336.675218338
4.43543543543544,115336.67625321
4.43043043043043,115336.677235201
4.42542542542543,115336.678167012
4.42042042042042,115336.679051207
4.41541541541542,115336.679890221
4.41041041041041,115336.680686362
4.40540540540541,115336.68144182
4.4004004004004,115336.682158674
4.3953953953954,115336.682838897
4.39039039039039,115336.683484362
4.38538538538539,115336.684096843
4.38038038038038,115336.684678026
4.37537537537538,115336.685229512
4.37037037037037,115336.685752817
4.36536536536537,115336.686249381
4.36036036036036,115336.68672057
4.35535535535536,115336.687167683
4.35035035035035,115336.687591947
4.34534534534535,115336.687994533
4.34034034034034,115336.688376546
4.33533533533534,115336.688739038
4.33033033033033,115336.689083007
4.32532532532533,115336.6894094
4.32032032032032,115336.689719114
4.31531531531532,115336.690013002
4.31031031031031,115336.690291872
4.30530530530531,115336.690556492
4.3003003003003,115336.69080759
4.2952952952953,115336.691045857
4.29029029029029,115336.691271948
4.28528528528529,115336.691486487
4.28028028028028,115336.691690062
4.27527527527528,115336.691883235
4.27027027027027,115336.692066537
4.26526526526527,115336.692240472
4.26026026026026,115336.69240552
4.25525525525526,115336.692562133
4.25025025025025,115336.692710743
4.24524524524525,115336.69285176
4.24024024024024,115336.692985571
4.23523523523524,115336.693112544
4.23023023023023,115336.693233028
4.22522522522523,115336.693347356
4.22022022022022,115336.693455842
4.21521521521522,115336.693558784
4.21021021021021,115336.693656466
4.20520520520521,115336.693749157
4.2002002002002,115336.693837111
4.1951951951952,115336.69392057
4.19019019019019,115336.693999765
4.18518518518519,115336.694074913
4.18018018018018,115336.694146221
4.17517517517518,115336.694213885
4.17017017017017,115336.694278092
4.16516516516517,115336.694339017
4.16016016016016,115336.69439683
4.15515515515516,115336.694451688
4.15015015015015,115336.694503743
4.14514514514515,115336.694553138
4.14014014014014,115336.694600009
4.13513513513514,115336.694644484
4.13013013013013,115336.694686687
4.12512512512513,115336.694726734
4.12012012012012,115336.694764734
4.11511511511512,115336.694800792
4.11011011011011,115336.694835008
4.10510510510511,115336.694867476
4.1001001001001,115336.694898284
4.0950950950951,115336.694927518
4.09009009009009,115336.694955258
4.08508508508509,115336.694981581
4.08008008008008,115336.695006558
4.07507507507508,115336.69503026
4.07007007007007,115336.69505275
4.06506506506507,115336.695074091
4.06006006006006,115336.695094341
4.05505505505506,115336.695113556
4.05005005005005,115336.69513179
4.04504504504505,115336.695149092
4.04004004004004,115336.69516551
4.03503503503504,115336.695181089
4.03003003003003,115336.695195871
4.02502502502503,115336.695209899
4.02002002002002,115336.695223209
4.01501501501502,115336.69523584
4.01001001001001,115336.695247825
4.00500500500501,115336.695259198
4,115336.695269989
